<?xml version="1.0" encoding="UTF-8"?>

<marins xmlns:xsi="http://www.w3.org/2001/XMLSchema-instance"
    xsi:noNamespaceSchemaLocation="./marins.xsd">
    <marin id="12">
        <nom>Surcouf</nom>
        <prenom>Robert</prenom>
        <remarque lang="FR">Matelot</remarque>
    </marin>
    <marin id="24">
        <nom>John</nom>
        <prenom>Doe</prenom>
        <remarque lang="FR">Capitaine</remarque>
    </marin>
    <marin id="36">
        <nom>Toto</nom>
        <prenom>Roro</prenom>
        <remarque lang="FR">Capitaine corsaire</remarque>
    </marin>
    <marin id="48">
        <nom>Mario</nom>
        <prenom>Luigi</prenom>
        <remarque lang="FR">Capitaine vesseau</remarque>
    </marin>
</marins>