<?xml version="1.0" encoding="UTF-8"?>

<!-- Solving the Name Conflict Using a Prefix -->

<!-- xmlns:prefix="URI". -->

<!-- <root xmlns:h="http://www.w3.org/TR/html4/"
 xmlns:f="https://www.w3schools.com/furniture"> -->

<mestableaux>

    <h:table xmlns:h="http://www.w3.org/TR/html4/">
        <h:tr>
            <h:td>Apples</h:td>
            <h:td>Bananas</h:td>
        </h:tr>
    </h:table>

    <f:table xmlns:f="https://www.w3schools.com/furniture">
        <f:name>African Coffee Table</f:name>
        <f:width>80</f:width>
        <f:length>120</f:length>
    </f:table>
</mestableaux>