<?xml version="1.0" encoding="UTF-8"?>
<message>

    <note id="501">
        <to>Tove</to>
        <from>Jani</from>
        <heading>Reminder</heading>
        <body>Don't forget me this weekend!</body>
        <date>
            <year>2008</year>
            <month>01</month>
            <day>10</day>
        </date>
        <hour>08:30</hour>
    </note>

    <note id="502">
        <to>Jani</to>
        <from>Tove</from>
        <heading>Re: Reminder</heading>
        <body>I will not</body>
    </note>
</message>